Name,Hits,Misses,Accuracy%
Paul,60,41,31.66666666666667
Andreas,60,28,53.333333333333336
Sam,30,14,53.333333333333336
Jay,55,30,45.45454545454546
Anna,10,8,20.0
